﻿{
  "WatchFace_Info": {
    "DeviceName": "Active",
    "WatchFaceId": 1915227,
    "Preview": "Preview1"
  },
  "ScreenNormal": {
    "Background": {
      "visible": true,
      "BackgroundImage": {
        "position": -1,
        "visible": true,
        "show_level": "ONLY_NORMAL",
        "x": 0,
        "y": 0,
        "w": 390,
        "h": 450,
        "src": "0001",
        "alpha": 255
      }
    },
    "Elements": [
      {
        "elementName": "ElementCalories",
        "visible": true,
        "Number": {
          "position": 1,
          "visible": true,
          "align": "LEFT",
          "show_level": "",
          "imageX": 290,
          "imageY": 32,
          "space": 0,
          "zero": false,
          "img_First": "0040",
          "iconPosX": 0,
          "iconPosY": 0,
          "angle": 0,
          "follow": false,
          "unit_in_alignment": false,
          "alpha": 255,
          "icon_alpha": 255
        }
      },
      {
        "elementName": "ElementDistance",
        "visible": true,
        "Number": {
          "position": 1,
          "visible": true,
          "align": "LEFT",
          "show_level": "",
          "imageX": 279,
          "imageY": 167,
          "space": 0,
          "zero": false,
          "img_First": "0040",
          "iconPosX": 0,
          "iconPosY": 0,
          "dot_image": "0050",
          "angle": 0,
          "follow": false,
          "unit_in_alignment": false,
          "alpha": 255,
          "icon_alpha": 255
        }
      },
      {
        "elementName": "ElementHeart",
        "visible": true,
        "Number": {
          "position": 1,
          "visible": true,
          "align": "CENTER_H",
          "show_level": "",
          "imageX": 153,
          "imageY": 349,
          "space": 0,
          "zero": false,
          "img_First": "0030",
          "iconPosX": 0,
          "iconPosY": 0,
          "angle": 0,
          "follow": false,
          "unit_in_alignment": false,
          "alpha": 255,
          "icon_alpha": 255
        }
      },
      {
        "elementName": "ElementSteps",
        "visible": true,
        "Number": {
          "position": 1,
          "visible": true,
          "align": "LEFT",
          "show_level": "",
          "imageX": 279,
          "imageY": 101,
          "space": 0,
          "zero": false,
          "img_First": "0040",
          "iconPosX": 0,
          "iconPosY": 0,
          "angle": 0,
          "follow": false,
          "unit_in_alignment": false,
          "alpha": 255,
          "icon_alpha": 255
        }
      },
      {
        "elementName": "ElementBattery",
        "visible": true,
        "Number": {
          "position": 1,
          "visible": true,
          "align": "LEFT",
          "show_level": "",
          "imageX": 78,
          "imageY": 32,
          "space": 0,
          "zero": false,
          "img_First": "0040",
          "iconPosX": 0,
          "iconPosY": 0,
          "angle": 0,
          "follow": false,
          "unit_in_alignment": false,
          "alpha": 255,
          "icon_alpha": 255
        }
      },
      {
        "elementName": "ElementStatuses",
        "visible": true,
        "Alarm": {
          "position": 4,
          "visible": true,
          "show_level": "ONLY_NORMAL",
          "x": 94,
          "y": 400,
          "src": "0084",
          "alpha": 255,
          "type": "Alarm"
        },
        "Bluetooth": {
          "position": 3,
          "visible": true,
          "show_level": "ONLY_NORMAL",
          "x": 117,
          "y": 400,
          "src": "0083",
          "alpha": 255,
          "type": "Bluetooth"
        },
        "DND": {
          "position": 2,
          "visible": true,
          "show_level": "ONLY_NORMAL",
          "x": 43,
          "y": 400,
          "src": "0086",
          "alpha": 255,
          "type": "DND"
        },
        "Lock": {
          "position": 1,
          "visible": true,
          "show_level": "ONLY_NORMAL",
          "x": 68,
          "y": 400,
          "src": "0085",
          "alpha": 255,
          "type": "Lock"
        }
      },
      {
        "elementName": "ElementWeather_v2",
        "visible": true,
        "Group_Current": {
          "position": 1,
          "Number": {
            "position": -1,
            "visible": true,
            "align": "RIGHT",
            "show_level": "",
            "imageX": 55,
            "imageY": 315,
            "space": 0,
            "zero": false,
            "img_First": "0040",
            "unit": "0052",
            "iconPosX": 0,
            "iconPosY": 0,
            "negative_image": "0051",
            "angle": 0,
            "follow": false,
            "unit_in_alignment": false,
            "alpha": 255,
            "icon_alpha": 255
          }
        },
        "Images": {
          "position": 2,
          "visible": true,
          "shortcut": false,
          "show_level": "",
          "X": 22,
          "Y": 305,
          "img_First": "0087",
          "image_length": 29,
          "alpha": 255
        }
      },
      {
        "elementName": "DateMonth",
        "visible": true,
        "Images": {
          "position": 1,
          "visible": true,
          "shortcut": false,
          "show_level": "ONLY_NORMAL",
          "X": 154,
          "Y": 71,
          "img_First": "0071",
          "image_length": 0,
          "alpha": 255,
          "type": "MONTH"
        }
      },
      {
        "elementName": "DateWeek",
        "visible": true,
        "Images": {
          "position": 1,
          "visible": true,
          "shortcut": false,
          "show_level": "ONLY_NORMAL",
          "X": 154,
          "Y": 107,
          "img_First": "0053",
          "image_length": 0,
          "alpha": 255
        }
      },
      {
        "elementName": "DateDay",
        "visible": true,
        "Number": {
          "position": 1,
          "visible": true,
          "align": "CENTER_H",
          "show_level": "ONLY_NORMAL",
          "imageX": 173,
          "imageY": 32,
          "space": 0,
          "zero": true,
          "img_First": "0030",
          "iconPosX": 0,
          "iconPosY": 0,
          "angle": 0,
          "follow": false,
          "unit_in_alignment": false,
          "alpha": 255,
          "icon_alpha": 255,
          "type": "DAY"
        }
      },
      {
        "elementName": "DigitalTime_v2",
        "visible": true,
        "Group_Second": {
          "position": 3,
          "Number": {
            "position": -1,
            "visible": true,
            "align": "CENTER_H",
            "show_level": "ONLY_NORMAL",
            "imageX": -63,
            "imageY": 296,
            "space": -19,
            "zero": true,
            "img_First": "0020",
            "iconPosX": 0,
            "iconPosY": 0,
            "angle": 0,
            "follow": false,
            "unit_in_alignment": false,
            "alpha": 255,
            "icon_alpha": 255
          }
        },
        "Group_Minute": {
          "position": 2,
          "Number": {
            "position": -1,
            "visible": true,
            "align": "LEFT",
            "show_level": "ONLY_NORMAL",
            "imageX": -248,
            "imageY": 202,
            "space": -32,
            "zero": true,
            "img_First": "0010",
            "iconPosX": 0,
            "iconPosY": 0,
            "angle": 0,
            "follow": false,
            "unit_in_alignment": false,
            "alpha": 255,
            "icon_alpha": 255
          }
        },
        "Group_Hour": {
          "position": 1,
          "Number": {
            "position": -1,
            "visible": true,
            "align": "LEFT",
            "show_level": "ONLY_NORMAL",
            "imageX": -405,
            "imageY": 104,
            "space": -32,
            "zero": true,
            "img_First": "0010",
            "iconPosX": 0,
            "iconPosY": 0,
            "angle": 0,
            "follow": false,
            "unit_in_alignment": false,
            "alpha": 255,
            "icon_alpha": 255
          }
        }
      }
    ]
  },
  "ScreenAOD": {
    "Background": {
      "visible": true,
      "BackgroundImage": {
        "position": -1,
        "visible": true,
        "show_level": "ONLY_AOD",
        "x": 0,
        "y": 0,
        "w": 390,
        "h": 450,
        "src": "0070",
        "alpha": 255
      }
    },
    "Elements": [
      {
        "elementName": "DateWeek",
        "visible": true,
        "Images": {
          "position": 1,
          "visible": true,
          "shortcut": false,
          "show_level": "ONLY_AOD",
          "X": 295,
          "Y": 322,
          "img_First": "0002",
          "image_length": 0,
          "alpha": 255
        }
      },
      {
        "elementName": "DigitalTime_v2",
        "visible": true,
        "Group_Minute": {
          "position": 2,
          "Number": {
            "position": -1,
            "visible": true,
            "align": "LEFT",
            "show_level": "ONLY_AOD",
            "imageX": -248,
            "imageY": 202,
            "space": -32,
            "zero": true,
            "img_First": "0060",
            "iconPosX": 0,
            "iconPosY": 0,
            "angle": 0,
            "follow": false,
            "unit_in_alignment": false,
            "alpha": 255,
            "icon_alpha": 255
          }
        },
        "Group_Hour": {
          "position": 1,
          "Number": {
            "position": -1,
            "visible": true,
            "align": "LEFT",
            "show_level": "ONLY_AOD",
            "imageX": -405,
            "imageY": 104,
            "space": -32,
            "zero": true,
            "img_First": "0060",
            "iconPosX": 0,
            "iconPosY": 0,
            "angle": 0,
            "follow": false,
            "unit_in_alignment": false,
            "alpha": 255,
            "icon_alpha": 255
          }
        }
      }
    ]
  },
  "DisconnectAlert": {
    "enable": true,
    "BluetoothOff": {
      "vibrate": true,
      "vibrateType": 9,
      "toastShow": true,
      "toastText": "Где телефон?"
    },
    "BluetoothOn": {
      "vibrate": true,
      "vibrateType": 25,
      "toastShow": true,
      "toastText": "Есть контакт!"
    }
  },
  "Buttons": {
    "enable": true,
    "Button": [
      {
        "x": 152,
        "y": 20,
        "h": 102,
        "w": 113,
        "text": "",
        "color": "0xFFFF8C00",
        "text_size": 26,
        "press_src": "0120",
        "normal_src": "0120",
        "press_color": "0xFF000000",
        "normal_color": "0xFF000000",
        "radius": 14,
        "click_func": "hmApp.startApp({url: 'ScheduleCalScreen', native: true });",
        "longpress_func": "",
        "visible": true
      },
      {
        "x": 21,
        "y": 116,
        "h": 102,
        "w": 113,
        "text": "",
        "color": "0xFFFF8C00",
        "text_size": 26,
        "press_src": "0120",
        "normal_src": "0120",
        "press_color": "0xFF000000",
        "normal_color": "0xFF000000",
        "radius": 14,
        "click_func": "hmApp.startApp({url: 'AlarmInfoScreen', native: true });",
        "longpress_func": "",
        "visible": true
      },
      {
        "x": 167,
        "y": 219,
        "h": 91,
        "w": 113,
        "text": "",
        "color": "0xFFFF8C00",
        "text_size": 26,
        "press_src": "0120",
        "normal_src": "0120",
        "press_color": "0xFF000000",
        "normal_color": "0xFF000000",
        "radius": 14,
        "click_func": "hmApp.startApp({url: 'CountdownAppScreen', native: true });",
        "longpress_func": "",
        "visible": true
      },
      {
        "x": 149,
        "y": 339,
        "h": 70,
        "w": 113,
        "text": "",
        "color": "0xFFFF8C00",
        "text_size": 26,
        "press_src": "0120",
        "normal_src": "0120",
        "press_color": "0xFF000000",
        "normal_color": "0xFF000000",
        "radius": 14,
        "click_func": "hmApp.startApp({url: 'heart_app_Screen', native: true });",
        "longpress_func": "",
        "visible": true
      },
      {
        "x": 24,
        "y": 305,
        "h": 70,
        "w": 113,
        "text": "",
        "color": "0xFFFF8C00",
        "text_size": 26,
        "press_src": "0120",
        "normal_src": "0120",
        "press_color": "0xFF000000",
        "normal_color": "0xFF000000",
        "radius": 14,
        "click_func": "hmApp.startApp({url: 'WeatherScreen', native: true });",
        "longpress_func": "",
        "visible": true
      },
      {
        "x": 279,
        "y": 313,
        "h": 59,
        "w": 100,
        "text": "",
        "color": "0xFFFF8C00",
        "text_size": 26,
        "press_src": "0120",
        "normal_src": "0120",
        "press_color": "0xFF000000",
        "normal_color": "0xFF000000",
        "radius": 14,
        "click_func": "hmApp.startApp({url: 'StopWatchScreen', native: true });",
        "longpress_func": "",
        "visible": true
      },
      {
        "x": 279,
        "y": 161,
        "h": 59,
        "w": 100,
        "text": "",
        "color": "0xFFFF8C00",
        "text_size": 26,
        "press_src": "0120",
        "normal_src": "0120",
        "press_color": "0xFF000000",
        "normal_color": "0xFF000000",
        "radius": 14,
        "click_func": "hmApp.startApp({url: 'SportListScreen', native: true });",
        "longpress_func": "",
        "visible": true
      },
      {
        "x": 279,
        "y": 93,
        "h": 59,
        "w": 100,
        "text": "",
        "color": "0xFFFF8C00",
        "text_size": 26,
        "press_src": "0120",
        "normal_src": "0120",
        "press_color": "0xFF000000",
        "normal_color": "0xFF000000",
        "radius": 14,
        "click_func": "hmApp.startApp({url: 'activityAppScreen', native: true });",
        "longpress_func": "",
        "visible": true
      },
      {
        "x": 279,
        "y": 22,
        "h": 59,
        "w": 100,
        "text": "",
        "color": "0xFFFF8C00",
        "text_size": 26,
        "press_src": "0120",
        "normal_src": "0120",
        "press_color": "0xFF000000",
        "normal_color": "0xFF000000",
        "radius": 14,
        "click_func": "hmApp.startApp({url: 'oneKeyAppScreen', native: true });",
        "longpress_func": "",
        "visible": true
      },
      {
        "x": 31,
        "y": 22,
        "h": 59,
        "w": 100,
        "text": "",
        "color": "0xFFFF8C00",
        "text_size": 26,
        "press_src": "0120",
        "normal_src": "0120",
        "press_color": "0xFF000000",
        "normal_color": "0xFF000000",
        "radius": 14,
        "click_func": "hmApp.startApp({url: 'Settings_batteryManagerScreen', native: true });",
        "longpress_func": "",
        "visible": true
      }
    ]
  }
}